{"cameraMode":{"drawMode":0,"name":"Shaded","section":"Shading Mode"},"sceneLighting":false,"audioPlay":false,"sceneViewState":{"showFog":true,"showMaterialUpdate":false,"showSkybox":true,"showFlares":true,"showImageEffects":true,"showParticleSystems":true},"in2DMode":false,"pivot":{"x":-19.979000091552736,"y":-0.30767863988876345,"z":12.677000045776368},"rotation":{"x":-0.25678446888923647,"y":0.4653068482875824,"z":-0.14406587183475495,"w":-0.8349468111991882},"size":8.049020767211914,"orthographic":false}