{"cameraMode":{"drawMode":0,"name":"Shaded","section":"Shading Mode"},"sceneLighting":false,"audioPlay":false,"sceneViewState":{"showFog":true,"showMaterialUpdate":false,"showSkybox":true,"showFlares":true,"showImageEffects":true,"showParticleSystems":true},"in2DMode":false,"pivot":{"x":1.1769397258758546,"y":1.110886812210083,"z":5.2816948890686039},"rotation":{"x":0.026470573619008066,"y":-0.959166944026947,"z":0.09555652737617493,"w":0.2651740312576294},"size":9.446455001831055,"orthographic":false}