{"cameraMode":{"drawMode":0,"name":"Shaded","section":"Shading Mode"},"sceneLighting":false,"audioPlay":false,"sceneViewState":{"showFog":true,"showMaterialUpdate":false,"showSkybox":true,"showFlares":true,"showImageEffects":true,"showParticleSystems":true},"in2DMode":false,"pivot":{"x":-1.4142990112304688,"y":2.556690216064453,"z":-1.031219482421875},"rotation":{"x":-0.1901945322751999,"y":0.8086757659912109,"z":-0.4050061106681824,"w":-0.38235267996788027},"size":21.93175506591797,"orthographic":false}