{"cameraMode":{"drawMode":0,"name":"Shaded","section":"Shading Mode"},"sceneLighting":false,"audioPlay":false,"sceneViewState":{"showFog":true,"showMaterialUpdate":false,"showSkybox":true,"showFlares":true,"showImageEffects":true,"showParticleSystems":true},"in2DMode":false,"pivot":{"x":0.10906410217285156,"y":7.045260429382324,"z":2.1013665199279787},"rotation":{"x":-0.3017238676548004,"y":-0.6838476061820984,"z":0.37742286920547488,"w":-0.5466892719268799},"size":52.76704406738281,"orthographic":false}